{
    "0": {
        "final_eval_results": {
            "eval_loss": 0.9228404760360718,
            "eval_precision": 0.7861524978089395,
            "eval_recall": 0.8139745916515426,
            "eval_f1": 0.799821667409719,
            "eval_accuracy": 0.8021920668058455,
            "eval_runtime": 1.0924,
            "eval_samples_per_second": 27.464,
            "eval_steps_per_second": 13.732,
            "epoch": 12.0
        },
        "training_history": {
            "train_runtime": 223.9155,
            "train_samples_per_second": 10.629,
            "train_steps_per_second": 5.359,
            "total_flos": 376428430135296.0,
            "train_loss": 0.3306633373308513,
            "epoch": 12.0
        },
        "hyperparameters": {
            "dropout": 0.28053364384970336,
            "learning_rate": 5.396893838697363e-05,
            "weight_decay": 0.0006091999069902721,
            "batch_size": 2
        }
    },
    "1": {
        "final_eval_results": {
            "eval_loss": 1.2782745361328125,
            "eval_precision": 0.7889667250437828,
            "eval_recall": 0.8176043557168784,
            "eval_f1": 0.8030303030303031,
            "eval_accuracy": 0.8014091858037579,
            "eval_runtime": 1.0803,
            "eval_samples_per_second": 27.769,
            "eval_steps_per_second": 13.885,
            "epoch": 20.0
        },
        "training_history": {
            "train_runtime": 350.0976,
            "train_samples_per_second": 6.798,
            "train_steps_per_second": 3.428,
            "total_flos": 627380716892160.0,
            "train_loss": 0.20968501135551681,
            "epoch": 20.0
        },
        "hyperparameters": {
            "dropout": 0.30020927314945367,
            "learning_rate": 3.489491164743212e-05,
            "weight_decay": 0.006551461636200003,
            "batch_size": 2
        }
    },
    "2": {
        "final_eval_results": {
            "eval_loss": 1.135519027709961,
            "eval_precision": 0.7545375972342264,
            "eval_recall": 0.7921960072595281,
            "eval_f1": 0.7729083665338645,
            "eval_accuracy": 0.8029749478079332,
            "eval_runtime": 1.0915,
            "eval_samples_per_second": 27.486,
            "eval_steps_per_second": 13.743,
            "epoch": 19.0
        },
        "training_history": {
            "train_runtime": 317.7693,
            "train_samples_per_second": 7.49,
            "train_steps_per_second": 3.776,
            "total_flos": 596011681047552.0,
            "train_loss": 0.2554367278686218,
            "epoch": 19.0
        },
        "hyperparameters": {
            "dropout": 0.28119180110130126,
            "learning_rate": 2.3972713776289613e-05,
            "weight_decay": 0.005145641111959823,
            "batch_size": 2
        }
    },
    "3": {
        "final_eval_results": {
            "eval_loss": 1.8243753910064697,
            "eval_precision": 0.0,
            "eval_recall": 0.0,
            "eval_f1": 0.0,
            "eval_accuracy": 0.2849686847599165,
            "eval_runtime": 1.0787,
            "eval_samples_per_second": 27.811,
            "eval_steps_per_second": 13.905,
            "epoch": 6.0
        },
        "training_history": {
            "train_runtime": 92.8814,
            "train_samples_per_second": 25.624,
            "train_steps_per_second": 12.92,
            "total_flos": 188214215067648.0,
            "train_loss": 1.7784737586975097,
            "epoch": 6.0
        },
        "hyperparameters": {
            "dropout": 0.4330624212458415,
            "learning_rate": 0.0004594528407138239,
            "weight_decay": 0.00030480089719267875,
            "batch_size": 2
        }
    },
    "4": {
        "final_eval_results": {
            "eval_loss": 1.8273712396621704,
            "eval_precision": 0.0,
            "eval_recall": 0.0,
            "eval_f1": 0.0,
            "eval_accuracy": 0.2849686847599165,
            "eval_runtime": 1.0891,
            "eval_samples_per_second": 27.546,
            "eval_steps_per_second": 13.773,
            "epoch": 6.0
        },
        "training_history": {
            "train_runtime": 100.0811,
            "train_samples_per_second": 23.781,
            "train_steps_per_second": 11.99,
            "total_flos": 188214215067648.0,
            "train_loss": 1.7733229213290744,
            "epoch": 6.0
        },
        "hyperparameters": {
            "dropout": 0.25237670543085167,
            "learning_rate": 0.00028077680518633985,
            "weight_decay": 0.009349140275365125,
            "batch_size": 2
        }
    },
    "5": {
        "final_eval_results": {
            "eval_loss": 0.7861329913139343,
            "eval_precision": 0.7664670658682635,
            "eval_recall": 0.8130671506352087,
            "eval_f1": 0.7890797005724351,
            "eval_accuracy": 0.7894050104384134,
            "eval_runtime": 1.0673,
            "eval_samples_per_second": 28.107,
            "eval_steps_per_second": 14.054,
            "epoch": 10.0
        },
        "training_history": {
            "train_runtime": 168.6877,
            "train_samples_per_second": 14.109,
            "train_steps_per_second": 7.114,
            "total_flos": 313690358446080.0,
            "train_loss": 0.38961055427789687,
            "epoch": 10.0
        },
        "hyperparameters": {
            "dropout": 0.14383508256246827,
            "learning_rate": 3.2738182240109976e-05,
            "weight_decay": 4.452308534055257e-06,
            "batch_size": 2
        }
    },
    "6": {
        "final_eval_results": {
            "eval_loss": 1.1432812213897705,
            "eval_precision": 0.7892918825561313,
            "eval_recall": 0.8294010889292196,
            "eval_f1": 0.808849557522124,
            "eval_accuracy": 0.8076722338204593,
            "eval_runtime": 1.0786,
            "eval_samples_per_second": 27.813,
            "eval_steps_per_second": 13.907,
            "epoch": 20.0
        },
        "training_history": {
            "train_runtime": 336.2011,
            "train_samples_per_second": 7.079,
            "train_steps_per_second": 3.569,
            "total_flos": 627380716892160.0,
            "train_loss": 0.2413643151211242,
            "epoch": 20.0
        },
        "hyperparameters": {
            "dropout": 0.23459288620531482,
            "learning_rate": 2.2529823425190657e-05,
            "weight_decay": 0.0027315998351235063,
            "batch_size": 2
        }
    },
    "7": {
        "final_eval_results": {
            "eval_loss": 0.9740370512008667,
            "eval_precision": 0.7385281385281385,
            "eval_recall": 0.7740471869328494,
            "eval_f1": 0.7558706247230836,
            "eval_accuracy": 0.7664405010438413,
            "eval_runtime": 1.0204,
            "eval_samples_per_second": 29.399,
            "eval_steps_per_second": 14.7,
            "epoch": 12.0
        },
        "training_history": {
            "train_runtime": 192.6825,
            "train_samples_per_second": 12.352,
            "train_steps_per_second": 6.228,
            "total_flos": 376428430135296.0,
            "train_loss": 0.3721514584289657,
            "epoch": 12.0
        },
        "hyperparameters": {
            "dropout": 0.49634213071759037,
            "learning_rate": 9.54831233795525e-05,
            "weight_decay": 1.705281234211899e-05,
            "batch_size": 2
        }
    },
    "8": {
        "final_eval_results": {
            "eval_loss": 0.8248475790023804,
            "eval_precision": 0.7528187337380746,
            "eval_recall": 0.7876588021778584,
            "eval_f1": 0.7698447893569844,
            "eval_accuracy": 0.7909707724425887,
            "eval_runtime": 1.0994,
            "eval_samples_per_second": 27.287,
            "eval_steps_per_second": 13.644,
            "epoch": 16.0
        },